"","date","NSEI.High","NSEI.Low","NSEI.Close","INR.X.LogPVTVReturn","GBPINR.X.LogPVTVReturn","JPYINR.X.LogPVTVReturn","CrudeOil.LogPVTVReturn","GOLD.LogPVTVReturn","SILVER.LogPVTVReturn","NSEI.LogPCTCReturn","GSPC.LogPCTCReturn","N225.LogTOPCReturn","NSEI.LogTOPCReturn","SGX.LogTOPCReturn","NSEI.Direction"
"2461",2017-09-05,9963.099609,9901.049805,9952.200195,0.00115041189597598,0.0101742828277747,0.012213639846977,0.405465108108164,-0.00339558900113879,0.0800427076735364,0.00396179600436319,-0.00757945848168795,0.00128738794553307,0.00205585969910516,0,"1"
"2462",2017-09-06,9963.099609,9901.049805,9952.200195,0.00115041189597598,0.0101742828277747,0.012213639846977,0.405465108108164,-0.00339558900113879,0.0800427076735364,-0.00362384879408317,-0.00757945848168795,-0.00515879984083512,-0.00533465515653475,-0.000752162502553944,"0"
"2463",2017-09-07,9931.549805,9882.549805,9916.200195,-0.00132059082629343,-0.000668930364644105,-0.00620835522168817,0,0,0.430782916092454,0.00138064383145498,0.00312384232793672,0.00389100808207488,0.00298553636867638,-0.000201126307999289,"1"
"2464",2017-09-08,9964.849609,9917.200195,9929.900391,-0.00102065015379615,0.00318983680757601,0.00692815560555315,0,0,-0.00626961301359508,0.000493278433705058,-0.000178451880057828,-0.00509420490704926,0.00289111261456831,0.000251035522843779,"1"
"2465",2017-09-11,9963.599609,9913.299805,9934.799805,0,0,0,2.19722457733622,0,0.0490896101965239,0.00714616524446932,-0.00148996013690184,0.00860473355847269,0.00371236982785028,-0.000502790497796113,"1"
"2466",2017-09-12,10028.650391,9968.799805,10006.049805,0.000467442776085569,0.00540743945602795,-0.00986986396776635,0,0,0.0637897378753296,0.00865715828557256,0.0107809748815884,0.00969263376671137,0.00506406492043432,0,"1"
"2467",2017-09-13,10097.549805,10028.049805,10093.049805,0.000118748810287173,0.00915457090287575,-0.00744833822924573,0,0,-0.0112995552539337,-0.0013632524118723,0.00335830257667524,0.00489633041319237,0.000614114811561706,0,"0"
"2468",2017-09-14,10131.950195,10063.150391,10079.299805,0.00199057548477199,-0.00428861072056019,-0.000628951971389125,0,0.00339558900113879,0.107630664192365,0.000723975079811368,0.000756834360798209,-0.000274437196678079,0.0027840710842213,0.000247457376728377,"1"
"2469",2017-09-15,10126.5,10070.349609,10086.599609,0.000622155943300839,0.0151345657524145,0.00603023811268466,0.0363676441708747,0.0431244266337538,-0.0154244703256312,-0.000118899266450256,-0.00110132385091077,-0.000688800272852674,-0.00240707457707678,0,"0"
"2470",2017-09-18,10115.150391,10043.650391,10085.400391,0,0,0,0,0.050643732818755,0.25877072895736,0.00669016681161949,0.00184547743380836,-0.00582820794391914,0.00471838232257227,0.000495221126348255,"1"
"2471",2017-09-19,10171.700195,10131.299805,10153.099609,0.000930126115962437,0.00966443886505619,-0.0133152018019899,0,0.0183491386681967,-0.146182510178081,-0.000546761241484006,0.00145486204172762,0.0109238029914529,0.0022136201580274,9.82366521729006e-05,"0"
"2472",2017-09-20,10178.950195,10129.950195,10147.549805,0.00130724132927629,0.00121245735908637,0.000572815246298708,0,0.00604231445596248,0.0137933221323356,-0.000630835307378064,0.00110957955448043,9.601895910194e-05,0.00131968308292585,0.000442510516846184,"0"
"2473",2017-09-21,10171.049805,10134.200195,10141.150391,-0.000233297876194527,-0.00213688383677191,-0.00887195085207781,0,0.0470675108579863,0.171609901199027,-0.00190001061520384,0.000634146746002706,0.00716460993614731,-0.000152931425416725,0,"0"
"2474",2017-09-22,10158.900391,10058.599609,10121.900391,0.00803499679517117,0.014693790563685,0.00887021554384793,0,0.014265577158822,0.330962580810244,-0.0156826515476034,-0.00305056571600559,0.00324471029950324,-0.00272560925553478,-0.000295887170517872,"0"
"2475",2017-09-25,10095.049805,9952.799805,9964.400391,0,0,0,0,0.0140649294674038,-0.0111112254250711,-0.00925557668470489,0.000647583976344457,0.00701990775691286,-0.000431707904017031,0.00100110129494091,"0"
"2476",2017-09-26,9960.5,9816.049805,9872.599609,0.00711634060832367,-0.000419440225481793,0.0132802519936581,0.0689928714869517,0,0.0932766254685609,-0.00011138608727812,-0.00222452286230723,-0.00237173409450442,0.000268423253000805,-0.000303582273126324,"0"
"2477",2017-09-27,9891.349609,9813,9871.5,0.00129998773352202,-0.000907564856428067,-0.00419564834976549,0.125163142954006,-0.0140649294674038,0.0640613080528762,-0.0138471401230706,7.21642135088629e-05,-0.00297385073742262,0.00496154634358703,0.000760668410624277,"0"
"2478",2017-09-28,9921.049805,9714.400391,9735.75,0.0026743702663774,-0.000990416703256614,-0.00161430258649808,-0.0298529631496813,0.0416148812356347,-0.0439094926155681,0.00340433092869574,0.00407682233325257,0.00647133070869899,6.68021751248915e-05,0.000359407494947561,"1"
"2479",2017-09-29,9789.200195,9687.549805,9768.950195,-0.00252131388054533,-0.000186847645267108,0.000965796922029138,-0.129211731480006,0.0858784891376381,-0.133175203840704,0.00200939491995733,0.00120389081571659,-0.00234864179316929,0.0046314775192684,0.00321929811238775,"1"
"2480",2017-10-03,9854,9775.349609,9788.599609,0,0,0,0,0.108597167307,-0.0407032931135038,0.0072170540818739,0.00369826273919749,0.00582741042142843,0.0106393373351192,0.00376724978457332,"1"
"2481",2017-10-04,9895.400391,9831.049805,9859.5,0.00127059695900744,-0.0129047050190287,-0.00211012152493273,0.0666913744986721,0.0836500292869244,0.0292418495944977,0.00560325823819774,0.00602303013250793,0.00226482805063988,0.0025172013172039,-0.000354511158151993,"1"
"2482",2017-10-05,9938.299805,9850.650391,9914.900391,-0.00649382252599651,-0.00712944785988068,-0.00627218329957013,0,0.178542132951417,0.00287769982761521,-0.00264600481842692,0.00124594361807606,0.00116532541120051,0.0012196019797841,-0.000150803026400581,"0"
"2483",2017-10-06,9945.950195,9881.849609,9888.700195,0.00292557578540364,-0.00618966961303613,0.00335893703004908,0,0.0888742420407809,0.036675478558406,0.00916033848160858,0.00563090398283173,0.00427081003017626,0.00196497944699203,0.000352742577165444,"1"
"2484",2017-10-09,9989.349609,9906.599609,9979.700195,0,0,0,0,0.0416405570443166,0.213680636280689,0.000906410415552727,-0.00107421107345562,0.00126250733569577,0.000851366477936821,0.00029935638601053,"1"
"2485",2017-10-10,10015.75,9959.450195,9988.75,0.00313261320730884,0.00552110819330576,0.00416263143304541,0,0.0728123554749676,0.0243105895006162,0.00281921786321249,-0.00180606400318517,-0.000491736421050604,0.00249471516706912,-4.98914860287414e-05,"1"
"2486",2017-10-11,10034,10002.299805,10016.950195,-0.00268952781654086,0.0023976221186448,9.12731660108745e-05,0,0.0834939621777515,0.057279706823298,-0.00321476047732538,0.00231971998008174,-0.000951244361651504,0.00255732837769429,-0.000747030588289732,"0"
"2487",2017-10-12,10067.25,9955.799805,9984.799805,-0.000513629208024113,0.00165547792550758,-0.00130444728119539,0,0.0355367342767874,0.120299911484498,0.0111150462996186,0.00180188267254078,0.00367644627564445,0.002640568647724,-0.00050070099183408,"1"
"2488",2017-10-13,10104.450195,9977.099609,10096.400391,-0.00244759109304571,-0.000592017038423265,-0.000712391414159907,0,0.116396649741823,-0.00182982667707599,0.00701249694425776,-0.00168817688774858,0.000235692519924058,0.00270026555721437,0,"1"
"2489",2017-10-16,10191.900391,10120.099609,10167.450195,0,0,0,0,0.0602981338446167,0.0909717782057262,0.00621616691185345,0.000877721912925011,0.00311918047887261,0.00392152541474999,0.00146792608440727,"1"
"2490",2017-10-17,10242.950195,10175.099609,10230.849609,-0.0054168988972414,-0.00627957018271008,-0.00502527963491683,-0.0327898228229908,0.114410351177744,-0.0271203062191931,0.000351872298146816,0.00174922264829469,0.0045348362608717,-0.000312751963837954,-0.000291842990543856,"1"
"2491",2017-10-18,10251.849609,10212.599609,10234.450195,0.00361200870031109,-0.000778289043064539,0.00345208203306702,0,0.208687277780933,0.0371037502033769,-0.00230865741355224,0.000672352575650237,0.00180474466143643,-0.00245059671423853,0.000584538961550862,"0"
"2492",2017-10-19,10236.450195,10175.75,10210.849609,0.00171421179094011,0.00308723333180261,-0.0053893539333133,0,0.0608915613562147,0.00165426009602676,-0.00631711512073885,0.000742059767674164,0.0040636357721926,-4.89687206659539e-05,0.000633852626112485,"0"
"2493",2017-10-23,10211.950195,10123.349609,10146.549805,-0.00208547246672541,-0.00681766024809782,0.000864945282743945,0,0.0680909227419395,-0.0133113446382396,0.00376755662745509,0.000327944157669791,0.0120851526815766,0.00296219175323742,-0.00245579691202913,"1"
"2494",2017-10-24,10224.150391,10124.5,10184.849609,0.0020054724648384,0.00624966769813806,-0.00383367489530451,0,0.14805309995914,0.177564307021694,0.00224107291960607,0.00112340055511595,-0.00122907322168508,0.00330339331814677,-9.80440218434353e-05,"1"
"2495",2017-10-25,10237.75,10182.400391,10207.700195,0.000685565985944159,-0.00497816919303862,-0.00464825846296257,0.0645385211375711,0.01423308969086,0.187450968833257,0.00854994245044871,0.00161660113028983,0.00434551803722449,0.0110528692779308,-0.000635992291686094,"1"
"2496",2017-10-26,10340.549805,10240.900391,10295.349609,-0.00368693356064576,0.00703448491312653,-0.000274925163425199,0.0307716586667537,0.0295203836601186,0.172584381516097,0.0046949885411216,-0.00467395589466868,-0.000399475122906168,-0.00034485629494263,0.00174706440632377,"1"
"2497",2017-10-27,10355.650391,10271.849609,10343.799805,-0.00370825534835628,-0.0145606944217338,-0.00868051081569043,0,0.0361127896816056,0.0440262487564906,-0.00200804741545113,0.00127013925077257,0.00749218962262432,0.00178691354442151,0.00438882760947479,"0"
"2498",2017-10-30,10366.150391,10311.299805,10323.049805,0,0,0,0.0298529631496813,0.0620871335516124,0.0912160082716618,0.00392528897756428,0.00804060997474831,0.00179315658948553,0.00297915332112808,0.000385616509165132,"1"
"2499",2017-10-31,10384.5,10344.299805,10363.650391,0.00422326771073855,0.00451222442287147,0.0076028461419384,0.0845573880280628,0.0192171471857785,0.0118947876521487,-0.00273932769149177,-0.00319757728609016,-0.00520992163633949,0.000120606598565942,0.000144227302477873,"0"
"2500",2017-11-01,10367.700195,10323.950195,10335.299805,-0.000477937168302134,0.00547638017688712,0.0060757839731278,-0.0845573880280628,-0.00342214951428943,0.00924764892165975,0.0101272726067183,0.000944013076273897,0.00603810825488971,0.00531225172820093,-0.000674666306734295,"1"
"2501",2017-11-02,10451.650391,10383.049805,10440.5,-0.00266079499117833,0.00335600886330045,-0.00843141083035193,0.028987536873252,-0.0054014371442257,0.0934065051384234,-0.00160083958939694,0.00159084385333585,0.00409949285719868,0,-0.000143078574227573,"0"
"2502",2017-11-03,10453,10412.549805,10423.799805,-0.00177980817853474,-0.00455430480581853,-0.00618750585858385,0,-0.000492489544551944,0.0203703761871381,0.00274954981000164,0.000189948066468659,-0.0011959458178179,0.00361497813681666,-0.000669760346521997,"1"
"2503",2017-11-06,10461.700195,10403.599609,10452.5,-0.000846069476839517,-0.0162098501753833,0.000344756565502369,0,-0.0264552488652159,0.0177650860053609,-6.69905241306168e-05,0.00309228923533578,0.00327080669160118,-0.00198714407537182,-9.53697964583e-05,"0"
"2504",2017-11-07,10490.450195,10413.75,10451.799805,0.00298611839024243,0.00506357699340487,0.00156670216579757,-0.0588405000229333,-0.050308767346622,0.0486853478599176,-0.0097731435872408,0.00127044391487363,-0.00131357968508894,0.00242253893869382,0.000524721551858676,"0"
"2505",2017-11-08,10485.75,10340.799805,10350.150391,-0.00158566856828024,0.00562215744179273,0.00198531706850669,0.0298529631496813,0.0508144563586619,0.0811709211867138,-0.00455133846435274,-0.00018912071459809,-0.00383028300329968,0.0011394117392971,-0.000528426981286856,"0"
"2506",2017-11-09,10384.25,10285.5,10303.150391,0.00884130853875309,0.00861743423999606,0.0089291161104873,-0.0923733201310153,0.0560343130021561,0.00642262965646712,0.000562757214275678,0.00144261384148603,0.00329472062727021,0.00537224553345972,0.000868432533954078,"1"
"2507",2017-11-10,10368.450195,10266.950195,10308.950195,-0.00390539809634483,-0.00840005200381544,-0.00536334162123486,0,0.0361456856420617,0.394737693500065,0.0012408504337067,-0.00376898148418636,-0.0126741171491354,-0.000446370655852846,-0.000337341272084402,"1"
"2508",2017-11-13,10344.950195,10254.099609,10321.75,0.000885473775437795,0.00327478388302094,0.00574209810018589,0,0.022339657083438,0.094603992792357,-0.00942248830848413,-0.000898046836950606,-0.00326169587902037,2.4220405693498e-05,0,"0"
"2509",2017-11-14,10334.150391,10216.25,10224.950195,0.00295553135708371,0.00111649357701982,0.000216367882079127,0.121360857004267,0.0231739425651352,0.0343331696612328,-0.00375773828994141,0.000983150887048367,-0.00170202232963668,-0.000151582299654507,-0.00082872259599398,"0"
"2510",2017-11-15,10248,10175.549805,10186.599609,0.00425883899625923,0.00449556468992984,0.00514759097742834,0.0281708769666964,0.0726279599175124,0.0346597018257189,-0.00675215444928945,-0.00231228067530242,-0.00578206559160321,-0.00143914145844626,-9.77756050648537e-05,"0"
"2511",2017-11-16,10175.450195,10094,10118.049805,-0.00038212696340878,0.00224603542261814,0.00123162765602247,0,0.0607932944834291,0.0641950555666178,0.00951181588395045,-0.00554099874252767,-0.00241298117156674,0.00343847920299289,0.000147830586417541,"1"
"2512",2017-11-17,10232.25,10139.200195,10214.75,0,0,0,0.0273989741881144,0.0179565474207433,0.0139862419747399,0.00671760109696606,0.00816265301924357,0.0112195546415208,0.0106917813180978,0,"1"
"2513",2017-11-20,10343.599609,10268.049805,10283.599609,0,0,0,0,0.0751081749809046,0.0434202421657872,0.00147217339361916,-0.0026294170087624,-0.00522958794123518,0.000350067675643828,-0.000291247999728128,"1"
"2514",2017-11-21,10309.849609,10261.5,10298.75,-0.00780246821660491,-0.00440256304270203,0.00429706406179897,0.052643733485422,0.026344677833209,0.280683915483639,0.00272965050268681,0.00127486991887604,0.0087225788245,0.00295714778225431,0.000339254128824962,"1"
"2515",2017-11-22,10358.700195,10315.049805,10326.900391,0.00184719515429155,0.00504722343358033,-0.00272071383420402,0.143100843640673,0.0283324178772819,0.080231134498538,0.00149008347718471,0.00651983860214589,0.00822209898868032,0.00231161342081521,0.000434415356174611,"1"
"2516",2017-11-23,10368.700195,10309.549805,10342.299805,-0.00406365480565807,-0.00402316229498201,-0.00219544382154158,-0.117783035656383,0.0407288741221663,-0.00475921578192029,0.000623476843344406,-0.000750542637235618,0.00347483603661836,0.0015603679361238,0.000144868049606117,"1"
"2517",2017-11-24,10374.299805,10307.299805,10348.75,0.000134299590627052,0.00549894729665912,0.00932717597317867,-0.287682072451781,0.0564841408758134,0.0648650239405875,0.00394921007475801,0,-0.00592297521917828,0.00174263388977636,0.000722909017241591,"1"
"2518",2017-11-27,10404.5,10362.25,10389.700195,-0.0029470278770356,-0.0037052782425544,-0.0024175361349057,0.287682072451781,0.0267952917067564,0.0702836426536031,0.000947567683969197,0.00205398437439541,0.00469964739631656,-0.00276138531913617,-0.000479846458343758,"1"
"2519",2017-11-28,10407.150391,10340.200195,10399.549805,-0.000532835027510892,0.000799166251953309,-0.00427464698003688,0.336472236621213,0.187985081355185,0.0920755977053567,-0.00282138727490633,-0.000384331586785081,-0.000945059213423249,-0.0011208123275992,4.79950085292558e-05,"0"
"2520",2017-11-29,10409.549805,10355.200195,10370.25,-0.00172274736505429,-0.00188315479540613,0.00277473203880674,0.0350913198112695,0.0489292559006529,0.311601844815995,-0.000863437190197658,0.00980033212495268,0.00566387918970435,0.000616997342486769,9.64273661612225e-05,"0"
"2521",2017-11-30,10392.950195,10345.900391,10361.299805,0.000560138226134654,0.00378941633169916,-0.00373021889047076,0.113944259349218,0.0918482156947729,0.365121608913306,-0.0130904321500847,-0.000369293995849063,0.000204909666788211,-0.00276405027624982,0.000964785410099367,"0"
"2522",2017-12-01,10332.700195,10211.25,10226.549805,-0.000856547888682613,0.00301404038361319,-0.00402234868978579,0.0303053494953289,0.137488450575002,0.342760741557814,-0.0102957662240097,0.00815758675244727,0.00841200394507879,0.00362615689975243,0.00541293107176877,"0"
"2523",2017-12-04,10272.700195,10108.549805,10121.799805,0.00131240797588106,0.00967913229742035,-0.00362143467556797,-0.0303053494953289,-0.0148535965200143,0.160659424492128,0.000587686662523623,-0.00202658277623424,0.00107308933644568,0.00524713176656633,0.000789382842313557,"1"
"2524",2017-12-05,10179.200195,10095.700195,10127.75,0.000148920535681718,-0.00251270236481815,-0.00258429456247378,0.256429528947677,0.0918009858721955,0.0410733114333155,-0.000938457048031083,-0.0010527108155598,-0.00493704891594327,-0.000938457048031083,-4.92113875250055e-05,"0"
"2525",2017-12-06,10147.950195,10069.099609,10118.25,-0.00244607454991197,-0.00383507271996297,0.000793996449491852,0.0578195708888263,0.0868976048750518,0.0695726610360357,-0.00735536549469806,-0.00374639050870762,-0.00429700811565148,-0.00291484567373601,-0.000690335333136005,"0"
"2526",2017-12-07,10104.200195,10033.349609,10044.099609,8.54801095142577e-05,-0.00437903348572366,0.000395014433649976,-0.0342890734786323,-0.0428317306685368,0.0581176677411914,0.0121323342984692,-0.000114111855581633,0.00629798150456651,0.00192470909308362,0.000446683383360735,"1"
"2527",2017-12-08,10182.650391,10061.900391,10166.700195,0.00245662293670712,0.000740953896996466,0.00399728466114102,0.0342890734786323,0.0608167115613547,0.0432522205825023,0.00968571571351262,0.00292806665406786,0.00575811473744636,0.00311807427058319,0.000685938292450672,"1"
"2528",2017-12-11,10270.849609,10195.25,10265.650391,0.000421501739633179,0.00727557625725161,-0.0074019738130674,-0.184571276527969,0.00795841359920679,0.0109163575096058,0.0054983510234301,0.00549120221327826,0.00364161914437311,0.00435938493600041,-0.000145790305202453,"1"
"2529",2017-12-12,10329.200195,10282.049805,10322.25,-0.00107579418126313,-0.00794248533541708,-0.00434046764129981,0.0134230203321399,0.130038256037666,0.0267373303761502,-0.00798545342100532,0.00319684203358417,-0.000101157749943681,0.000256731894172191,0.000579878241820708,"0"
"2530",2017-12-13,10326.099609,10230.200195,10240.150391,-0.0019096285490745,-0.00510546802973266,-0.00188261894682429,-0.0548082364949947,0.0110483652966007,0.0246049082616846,-0.00461998214668036,0.00154772365184641,0.000572717609216511,-0.000346811094104282,-0.00102426542304279,"0"
"2531",2017-12-14,10296.549805,10169.849609,10192.950195,0.00310326080614676,0.000862274544892294,0.00305833802207012,0.168136921801998,-0.0230326196824588,-0.013532697265136,0.00578620053209988,-0.000473068682704358,-0.00258570011108361,0.00355980838408065,0.000733478431945045,"1"
"2532",2017-12-15,10276.099609,10141.549805,10252.099609,-0.00356953889753964,0.0031806181413998,0.00317351585844239,0.296571019869027,-0.0375423607926564,-0.00038567847749249,0.00788432675836148,-0.00407916777147754,-0.00322580175208564,0.00908365479340212,-0.000631972992035656,"1"
"2533",2017-12-18,10373.099609,10319.650391,10333.25,-0.000699840602461421,0.00103138522541713,0.0027281515407126,0.289892018102583,-0.00833279307824597,-0.0237683045640029,0.00535663861671054,0.00893431347358931,0.00958529882115933,-0.00681195101028642,-0.00193199441856606,"1"
"2534",2017-12-19,10443.549805,10074.799805,10388.75,-0.00315858859586893,-0.011799721178245,-0.00600193680730665,0.808720270565526,-0.0330167667404506,-0.0332464077513279,0.00714086794445201,0.00534847838711716,0.0026034447377139,0.00250436284760625,-0.000721379308460612,"1"
"2535",2017-12-20,10472.200195,10406,10463.200195,0.00199263495991708,0.00674524445158031,0.00330710027667491,0.328857986635968,-0.00278899263352983,0.0342554231695811,-0.00181753875432022,-0.00323549789174749,-0.00144718590241411,0.00297746098574692,0,"0"
"2536",2017-12-21,10494.450195,10437.150391,10444.200195,-0.00237827371759458,-0.00192258948765556,-0.00605875397294242,0.242071561199729,0.0125622452481355,-0.0360721191002416,-0.000373520079039125,-0.000828236184285736,-0.00173623561386904,0.00284442166287313,0.0024806805966211,"0"
"2537",2017-12-22,10473.950195,10426.900391,10440.299805,-0.00129049814570514,-0.00240195495627837,-0.00357151126062327,0.162685582277096,-0.0127092500260559,0.00981619625294705,0.00503506917958063,0.00198368687879125,-0.000672362478008282,0.00162698147799389,-0.000478377353172021,"1"
"2538",2017-12-26,10501.099609,10448.25,10493,0.000698528738340976,0.00132717399482463,-2.47853412423948e-05,0.0815669322473491,-0.0492680789994022,-0.0756223022655327,0.00366239796750278,-0.000458271463486426,0.000881140947011971,0.00183761342234412,0.00290027541941917,"1"
"2539",2017-12-27,10545.450195,10477.950195,10531.5,1.25136506783363e-05,-0.000308251939013182,0.000189415229727707,0.82504538647489,-0.0215431372442207,-0.0159541408841921,-0.00387684962734625,-0.00105897574081926,-0.0016743729602986,-4.2748385569169e-05,0,"0"
"2540",2017-12-28,10552.400391,10469.25,10490.75,0.000276478918729062,0.000169371077527458,0.0011587230577651,-0.0349278810595779,-0.0242784644969287,-0.0437120628551781,-0.00122560206487776,0.000790628240348035,3.6655749442005e-05,0.000709915955175333,0.00366222377872383,"0"
"2541",2017-12-29,10534.549805,10460.450195,10477.900391,0.00135473464038416,0.0035377896847697,0.00123155009748299,0.0245770123359215,-0.0424401178506653,-0.0444705030249146,0.00502650473578292,0.00183231904955861,0.0020830556583995,0.00137806848146127,-0.000713962761473397,"1"
"2542",2018-01-01,10538.700195,10488.650391,10530.700195,-0.000827012732424137,0.00192387943521322,0.00219782246603872,0.0501654910262976,0.0155664704885243,-0.0744147168077856,0,-0.00519663242728541,0.00291912453299759,-0.00364843625432165,-0.00546073201030239,"0"
"2543",2018-01-02,10538.700195,10488.650391,10530.700195,-0.00345880192938441,0.00212190292490533,-0.00160467541526632,-0.00828047789555342,0.00248818242329207,0.00336076339038094,-0.00843951228878836,0,0.00291912453299759,-0.0050599648615961,-0.000189438788158469,"0"
"2544",2018-01-03,10495.200195,10404.650391,10442.200195,0.00041967482786287,6.84315164685145e-05,-0.000503093150803768,0.0518474645319635,-0.0128388591407607,0.0251905366242227,9.57606732061578e-05,0.00826907852688752,0.00291912453299759,0.00386623992563884,0.00105016955567727,"1"
"2545",2018-01-04,10503.599609,10429.549805,10443.200195,-0.00640240448609308,-0.000141376209380262,-0.00172833091246472,0.330060749449757,0.0141633626456503,-0.0115739406132214,0.0058812094284626,0.00637843324297815,0.013473152150361,0.00250568642578308,0.000238543928995583,"1"
"2546",2018-01-05,10513,10441.450195,10504.799805,-0.000644660958251109,-0.00690596971649349,-0.00387217879362678,0.0447642702832711,0.00478667250494524,-0.0211068328008785,0.00513205680250017,0.00402054261954721,0.00579733814047501,0.00279957645501483,-0.000664830492718593,"1"
"2547",2018-01-08,10566.099609,10520.099609,10558.849609,-0.00078088981929092,0.00229062350929521,-0.00234298305860048,-0.0770623487277717,-0.0112602613834909,-0.0090747380754248,0.00611357081580088,0.007009145849314,-0.00302082276909665,0.00310636013912813,0.000330742519965455,"1"
"2548",2018-01-09,10631.200195,10588.549805,10623.599609,-0.0016519817848506,4.42330523515722e-05,-0.00493677500915113,0.0871416277224748,0.0557048646563665,0.0235975148012333,0.00126058465151146,0.00166096391535486,0.00983743521444325,0.00202175103451552,0.0006581731232842,"1"
"2549",2018-01-10,10659.150391,10603.599609,10637,0.00295147671150975,0.00261164651289825,0.00306627368618551,0.284273691719218,-0.0276265074658379,0.0245679146150106,-0.000451338558805858,0.00130208347183558,-0.000720582158010075,0.00141385431899366,0.000751667798240874,"0"
"2550",2018-01-11,10655.5,10592.700195,10632.200195,0.00289722054745134,2.4363180375353e-05,0.00631535954843554,0.0916278385868114,0.00806325929694118,-0.00550779788358113,0.00178542946137661,-0.00111284595936834,-0.0055563314401823,0.000456020789076916,-0.00117572379334696,"1"
"2551",2018-01-12,10664.599609,10612.349609,10651.200195,0.00194506802067007,0.000498049311394411,0.0136403226708125,0.137856751761523,0.0176713983219638,0.0369008814670586,0.00281728770966616,0.00700902608623633,0.000389224146395861,0.00293897065122728,-0.00140845093705799,"1"
"2552",2018-01-15,10690.400391,10597.099609,10681.25,-0.00137952706295152,0.000771521344210768,-3.3210019291019e-05,-0.0568685605918784,-0.0723009363520468,-0.0122962447713491,0.00562951292992864,0.00672692616818527,0.00733590277426366,0.00348135259728899,0.000748327989647635,"1"
"2553",2018-01-16,10782.650391,10713.799805,10741.549805,-0.00131382393872581,0.012704284486361,0.000431644247964824,0.247122291225825,0.0131447797608359,-0.0506972933630703,-0.00383356592986672,0,0.000265159638431101,0.0018555694104041,0.000697431156945427,"0"
"2554",2018-01-17,10762.349609,10687.849609,10700.450195,-0.00105897515011311,0.00367712274608056,0.00362230456631629,0.0702793185335224,-0.00975781631981931,-0.0197459389047321,0.00819955359460067,-0.00353071313246112,-0.00705522197469222,0.000186890558698138,0.000139974338265958,"1"
"2555",2018-01-18,10803,10666.75,10788.549805,0.00742035555722342,0.00746107813953323,0.00916869265266307,0.125095147791351,0.000844951465563071,0.00939580580659261,0.00263360217172526,0.00937100630643606,0.00878428324324609,0.00783410719669497,-4.62759434594062e-05,"1"
"2556",2018-01-19,10887.5,10782.400391,10817,-0.00264905372437418,-0.000534611695833576,-0.0115600000345105,0.25404678085348,0.00488668930985448,0.0296569686575303,0.00715747970115643,-0.00161769774853138,0.00381122002526801,0.00112723676044268,-4.60489274216869,"1"
"2557",2018-01-22,10906.849609,10793.900391,10894.700195,0.000667196087795752,0.00547682637207725,0.00381431228413964,0.572832121964963,0.0244096801785769,0.0164883733177206,0.00654138243891644,0.00437564815425073,-0.000429388083119875,-0.00105611660104543,-9.16296330872868e-05,"1"
"2558",2018-01-23,10975.099609,10881.400391,10966.200195,-0.000555976266074509,-0.000778965079381244,0.00252961405078977,0.141118851047416,-0.0228979640932536,0.00273109998925314,0.0106577453984773,0.00803436442584715,0.00452739187414508,0.00284108398935246,-0.00077531757697713,"1"
"2559",2018-01-24,11092.900391,10994.549805,11083.700195,0.000751690163666829,0.00744238838216571,-0.00179281343496773,0.143211530452453,-0.0227475433967061,0.0458012284307543,0.000207472810910048,0.00217200492947089,-0.00405896822027252,-0.00129558576668387,-0.00144404357223404,"1"
"2560",2018-01-25,11110.099609,11046.150391,11086,-0.00203086163574362,0.000293312471641549,0.0057402336614496,-0.00988078890675581,0.00599162966826583,-0.176553451905011,-0.00147588643792851,-0.000560132635300192,-0.00797333669867228,0.000865547099264674,0.000947589358634815,"0"
"2561",2018-01-29,11095.599609,11009.200195,11069.650391,-0.00271110146233688,0.0117035849950877,0.00440661065959824,-0.0377589581096256,-0.105379480014317,-0.00476902948194002,0.00547297411486092,0.000602439420859469,0.00158940803697583,0.000875815487830778,4.60783162157579,"1"
"2562",2018-01-30,11171.549805,11075.950195,11130.400391,-0.000124264734378876,-0.0051740853170692,0.00617988017958682,0.00261227919073015,-0.197031918533936,0.0956056529835934,-0.00728135003483033,0.00501690171718305,-0.00296722995084053,-0.00085844908367072,0.00031406330877104,"0"
"2563",2018-01-31,11121.099609,11033.900391,11049.650391,0.00156239373969402,-0.00358851114498027,-0.00107551804934969,-0.0398149093197304,-0.149963921517276,-0.00423766343965326,-0.00198848164748711,-0.0109586425739705,-0.00373099164829149,-0.00279590146319819,0.000722641285229031,"0"
"2564",2018-02-01,11058.5,10979.299805,11027.700195,0.0015772531838314,0.00719520879606517,0.00335950485352832,-0.0136142342979753,-0.518546976546665,-0.0548205267162807,-0.000979814065752649,0.000488865875231781,0.00766851800979396,0.00152676897670823,-0.000271309067908732,"0"
"2565",2018-02-02,11117.349609,10878.799805,11016.900391,-0.00164633113922719,0.00150215191565017,-0.0059513093205058,0.1004689737726,-0.475698045139292,-0.0154821026527348,-0.0235392140019641,-0.000648298661995561,-0.00531251416978407,-0.00716922546322429,9.05100240462531e-05,"0"
"2566",2018-02-05,10954.950195,10736.099609,10760.599609,0.00485737405102427,0.00951133116227521,0.00298350219081667,-0.0433340820110644,-0.375814784607224,0.158767283754374,-0.00877862063415868,-0.0214366802827097,-0.015299091222019,-0.0146317180758242,0.000606244335026318,"0"
"2567",2018-02-06,10702.75,10586.799805,10666.549805,0.00245890493244261,-0.00849538419351514,-0.00327513640809596,0.00950184996326264,-0.446419107116764,-0.00271934903240023,-0.0159040816839742,-0.0418425411596273,-0.018469427029272,-0.0354397097579966,-0.00154389607031469,"0"
"2568",2018-02-07,10594.150391,10276.299805,10498.25,0.00283691861637259,-0.00911326259579059,0.0114163540776345,-0.0755143483376415,0,0.00893005456018514,-0.00205481418378106,0.0172905736588325,0.0179337581597121,0.0103244575957326,-0.00090555972158235,"0"
"2569",2018-02-08,10614,10446.400391,10476.700195,-0.00521763981108325,-0.00414440599520915,-0.0100823941455198,-0.114371518488381,0,0.0693984973467519,0.00951385114018599,-0.00501413842107024,0.003514255392842,0.00398184916934952,0,"1"
"2570",2018-02-09,10637.799805,10479.549805,10576.849609,0.00343262944557043,-0.00227344162723142,0.0073731778464281,-0.0975816753225303,0,-0.0119196842101168,-0.0115920444429349,-0.0382590522050155,-0.0176562883291655,-0.0152765261764838,0.000520648455733408,"0"
"2571",2018-02-12,10480.200195,10398.200195,10454.950195,0.00373912243115004,0.00774397500177049,0.00986555314526916,-0.283751672705758,0,0.0528858302753648,0.00807825454697841,0.0148256452651365,0.00583447887878918,0.00603153942768131,0,"1"
"2572",2018-02-14,10555.5,10485.400391,10539.75,-0.0035630164351641,-0.0113078481896798,-0.00605775793724384,-0.0676288452713703,0,-0.119348092531292,-0.00369281865599191,0.0138186656125736,-0.0061631447299213,0.00435493339337256,-0.0046180662424451,"0"
"2573",2018-02-15,10590.549805,10456.650391,10500.900391,0.000603994667244478,0.0048996426934691,0.0101721393495074,-0.131630582200122,0,-0.0635991931149587,0.00423822363269721,0.0159229618586547,0.0108105914430894,0.0035173143687075,-0.000478011481376939,"1"
"2574",2018-02-16,10618.099609,10511.049805,10545.5,-0.00350650876968928,0.00572870188521524,0.00747603941874664,-0.220285757881195,0,-0.0260563507533575,-0.00887719741261606,0.0119968616443646,0.00423095524236139,0.00479623603817103,-0.0094697226733409,"0"
"2575",2018-02-19,10612.900391,10434.049805,10452.299805,-0.00209981463391351,0.00418458719208292,0.00237612547456578,-1.00608209717913,0,-0.0443641598200504,-0.00709527028184986,0.000373399821508968,0.00840874814027615,0.00349556118329453,-0.0119590724197653,"0"
"2576",2018-02-20,10489.349609,10302.75,10378.400391,0.00762603804576845,0.00246383708190834,0.00621369388304471,-Inf,-3.63429126382953,-0.00495762560221458,-0.00173587708461298,0,-0.00429335702708222,0.00121328592144287,-9.64227172666199e-05,"0"
"2577",2018-02-21,10429.349609,10347.650391,10360.400391,0.00193971439673746,-0.000835029651670816,-0.00226874558735157,Inf,0,-0.0312856574736262,0.00356971866523104,-0.00585851712920782,0.000789664612232954,0.00631180248146102,0.00159624674133596,"1"
"2578",2018-02-22,10426.099609,10349.599609,10397.450195,0.00556546252062962,0.00616756752441194,-0.000711591860952709,0,0,-0.113369202714299,-0.00141962422796205,-0.00551166461587016,-0.0082690978205715,-0.00415391902218332,0.000385208017089411,"0"
"2579",2018-02-23,10397.549805,10340.650391,10382.700195,0.000462376721492852,-0.00605456666084336,-0.00115617481386709,-0.51082562376599,0,-0.0819767898095041,0.010381515838894,0.000973077554965229,0.00244824153669931,0.00244333328928015,0.000240749212709446,"1"
"2580",2018-02-26,10499.099609,10396.650391,10491.049805,0.000868780411570569,0.00394704018427472,0.00778082996351881,0,0,0.0315899463929874,0.00868861184319414,0.0159012782845682,0.0109869604629811,0.0033781244688651,-0.000809504579811104,"1"
"2581",2018-02-27,10592.950195,10520.200195,10582.599609,-0.00383169867354649,-0.00275680913524745,-0.00626217648682081,0.287682072451781,0,-0.165286276589013,-0.00267776463859093,0.0116884386817349,0.0106876067578519,0.00307584862616395,0,"0"
"2582",2018-02-28,10631.650391,10537.25,10554.299805,0.00119552013049162,0.00108375437196084,0.00124202354972669,0,0,-0.184170718594153,-0.00583930577954206,-0.0127883116733161,-0.00435653665041791,-0.00621100068477709,0.000236669586696436,"0"
"2583",2018-03-01,10535.5,10461.549805,10492.849609,0.00199862188944788,-0.0023349156728516,-0.00132973464598118,0,0,-1.00527511304079,-0.00329337054400547,-0.0111578060215365,-0.00760120854377178,-0.001230109069569,-0.000760817915919532,"0"
"2584",2018-03-05,10525.5,10447.150391,10458.349609,0.00507099042761094,-0.00591010804092829,0.0124145514534694,1.17865499634165,0,-1.055619242183,-0.00955947595822693,-0.0134139657621342,-0.031642764656624,-0.00287741936369024,-0.0132975557411239,"0"
"2585",2018-03-06,10428.700195,10323.900391,10358.849609,-0.000817302043106594,0.00214412386436891,0.00940028104294094,-0.167054084663166,0,-0.515543268147719,-0.0106366568878435,0.0160304028997382,0.0164081265789786,0.00593383075546328,9.65204382783469e-05,"0"
"2586",2018-03-07,10441.349609,10215.900391,10249.25,-0.00281125370116353,0.00133578649081922,-0.00936432093250689,0.0870113769896297,0,-4.38063678038483,-0.00931709996923757,0.00263538301257338,-0.00730086877190317,-0.00159160717947593,0.00112329381057386,"0"
"2587",2018-03-08,10243.349609,10141.549805,10154.200195,-0.00175067813012131,0.00169102858845172,0.00498103593331939,0.0800427076735364,0,0,0.00867298116109794,-0.000483991693956298,0.0110171727721102,0.00609215764183801,-0.000540474156382587,"1"
"2588",2018-03-09,10270.349609,10146.400391,10242.650391,1.8461842500983e-05,0.000463330178619437,-0.00611112831720106,0.0741079721537217,0,0,-0.00154383694162874,0.00445314825424248,0.0105279524663118,0.00279316585568701,-0.000683961138589595,"0"
"2589",2018-03-12,10296.700195,10211.900391,10226.849609,0.00306511320100444,-0.00419542508063042,0.000994417930437419,-0.0741079721537217,0,0,0.018844845399002,0.0172295465038514,0.0164871699336846,0.00728260859633423,-0.00029377203501646,"1"
"2590",2018-03-13,10433.650391,10295.450195,10421.400391,-0.00193001040154339,0.00166556257921346,-0.00647652706433177,0.0741079721537217,0.117783035656383,0,0.0005227506504486,-0.00127479704060018,-0.00374508916626937,-0.0030657410670365,0.000766577270196578,"1"
"2591",2018-03-14,10478.599609,10377.849609,10426.849609,-0.000298575020075909,0.0034635738996629,0.0056211908511723,0,0,0.105360515657826,-0.00153080069724965,-0.00638391043583741,-0.00928865699034986,-0.00324687771267662,-0.000383619454211725,"0"
"2592",2018-03-15,10420.349609,10336.299805,10410.900391,-0.00180932065542017,0.00283247969225098,-0.0041398150548615,0,0.245122458032985,0,-0.00488661854626926,-0.00574097014258435,-0.00336458610174084,-0.000523645689192165,-0.000623396572326129,"0"
"2593",2018-03-16,10420,10346.200195,10360.150391,0.000134161209068395,7.83254800982291e-05,0.00345403658352372,0,0.231801614057324,0,-0.0160545978673596,-0.000782236274108783,0.00332323029704895,-0.00144890458555302,-0.00067570831278907,"0"
"2594",2018-03-19,10346.299805,10180.25,10195.150391,0.00273539427961378,0.000376406608076252,0.00128606227474964,0,0.159064694629687,0,-0.00994620056460782,0.00170199807789562,-0.00641498286492492,0.00197929738070179,0.000341938796287522,"0"
"2595",2018-03-20,10224.549805,10075.299805,10094.25,0.000778063289682329,0.00112708084507496,0.0039802232935312,0,0.162518929497775,0,0.00297741998142875,-0.0143060405804629,-0.00855193184815661,-0.00423912273103078,-0.00108808557151896,"1"
"2596",2018-03-21,10155.650391,10049.099609,10124.349609,0.00222753327375802,0.00807333544664157,0.00197362116042998,-0.0741079721537217,0.0723206615796261,0,0.00304743836266752,0.00148070846611859,-0.00388905239334036,0.00567318921180338,0.000196869771281527,"1"
"2597",2018-03-22,10227.299805,10132.950195,10155.25,0.000341928447095796,-0.00111593334769555,-0.00411108305849078,0,0.150822889734584,0,-0.00399605859828434,-0.00184569184358807,-0.00134839412821108,0.00120554565534903,-0.000737118881504628,"0"
"2598",2018-03-23,10207.849609,10105.400391,10114.75,-0.00256030169239008,0.0074897243198393,0.00252500894184021,0,0.148420005118273,0,-0.0116047000703379,-0.0254848872590383,-0.0188496463687962,-0.0145345584601184,-0.000494315383273047,"0"
"2599",2018-03-26,10027.700195,9951.900391,9998.049805,0.00144988412552038,-0.000783685731032158,0.0105636695397438,0.0741079721537217,0.18805223150294,1.38629436111989,0.0131754661665546,-0.0211898070675298,-0.00947786881396162,-0.000890511377367176,0.000750356454505052,"1"
"2600",2018-03-27,10143.5,9958.549805,10130.650391,-0.00716192635328028,0.00160030198480587,-0.0122174902824734,0,0.0953101798043248,0.22314355131421,0.00526710788444795,0.0267950406801321,0.00924156521039343,0.00564503647538572,-0.000394127505348507,"1"
"2601",2018-03-28,10207.900391,10139.650391,10184.150391,0.00309436509595784,-0.00131001504333561,0.00316024447575647,0,0.220542769614152,0,-0.00694166888248127,-0.0174272857817392,-0.0201032973503263,-0.00398970233200124,-0.00113130530252903,"0"
"2602",2018-04-02,10158.349609,10096.900391,10113.700195,0.00390174027625445,-0.0028944479777202,-0.00852338874557651,0.251314428280906,0.145182009844498,0,0.00965293564591008,-0.0029209188276953,0.0193192699840949,0.0037453327245629,0.0120880052798427,"1"
"2603",2018-04-03,10220.099609,10127.75,10211.799805,-0.000141239643591362,-0.00253232368597622,0.00938782504723235,0.245122458032985,0.553159987592552,0,0.00324588640116019,-0.00891490477703094,-0.0128506953824754,-0.00244626082206167,-0.00102346671701525,"1"
"2604",2018-04-04,10255.349609,10171.049805,10245,-0.00361413755871265,-0.00205345540753132,-0.00961738103776616,0.265703165733006,-0.181285823920422,0,-0.0114463839938352,0.0125359611773792,0.00578629247670293,0.00288501043826628,-9.73188653379253e-05,"0"
"2605",2018-04-05,10279.849609,10111.299805,10128.400391,0.00138574307955341,0.00276576763823133,-0.00178413350688611,0,0.260929886980348,0.0198026272961798,0.0192393067582763,0.0115001022585774,0.010341908779095,0.00982967469988516,-0.00108647351297009,"1"
"2606",2018-04-06,10331.799805,10227.450195,10325.150391,-0.00205610100125586,-0.00770385383444872,-0.00465667017452631,0,0.0957450569583846,0,0.000624417510938002,0.00683942159633499,-0.000540188667228492,-0.000232507031258322,-0.000338025451705803,"1"
"2607",2018-04-09,10350.450195,10290.849609,10331.599609,0,0,0,0,0.255652829879504,0,0.00461109571591578,-0.0221640669841525,-0.00154004804252317,0.000203295962522887,0.00101476246355503,"1"
"2608",2018-04-10,10397.700195,10328.5,10379.349609,0.000131024455179762,0.00933521164992079,0.00296479627179169,0,0.227846280841116,0,0.00220391121956176,0.00333099481175125,-0.00363187106930063,0.00322724198867519,-0.00192622615659488,"1"
"2609",2018-04-11,10424.849609,10381.5,10402.25,0.000852080185362425,0.00395340288347601,-0.00255226386152085,0.0327898228229908,0.272826971460856,0,0.00143139507039258,0.0165885989675969,0.00113586777892216,0.0024867889105753,0.000767018254286711,"1"
"2610",2018-04-12,10428.150391,10355.599609,10417.150391,0.00406871995933589,0.00455095312368581,0.00672497490767399,0.2295744416445,0.430986976903284,0,0.00397590062311437,-0.00554068585564416,-0.00134873657884782,-0.000624165775260366,-0.000672139830385277,"1"
"2611",2018-04-13,10469.900391,10395.25,10458.650391,0.00131377073119054,0.00476709638047623,-0.00235927716738366,0.0741079721537221,0.031334156170435,0.567984037605939,0.0020964672602144,0.00821689876343346,0.00649451766998865,0.00349809472957574,0.000716212698030461,"1"
"2612",2018-04-16,10519.900391,10451.450195,10480.599609,0,0,0,0.154150679827258,-0.003863494825044,0.182321556793955,0.00454568971795588,-0.00289079967402373,0.0029714438732551,-0.00788357936093398,-0.00014282653741482,"1"
"2613",2018-04-17,10540.150391,10396.349609,10528.349609,0.00235025545351686,0.00962430459195929,0.00399339555757033,0.0400053346136993,0.0441712183131369,0.606135803570315,0.00193106649300745,0.00807633677770347,-0.00154451260029553,0.00274596372373637,0.000805591798098249,"1"
"2614",2018-04-18,10560.450195,10495.650391,10548.700195,0.00374824145037778,0.000568875988202322,0.0040280268909027,0.0571584138399488,0.00369686188132601,0.188196521236976,-0.00213524222010442,0.0106050717289028,0.0037197962659743,0.002858840164631,0.000805019577038379,"0"
"2615",2018-04-19,10594.200195,10509.700195,10526.200195,0.00508789474803351,-0.0013812660710375,0.00200875846875975,0.0540672212702757,0.0433280767635376,0.00417537141048019,0.0037076220079264,0.000831020407423999,0.00331877118176038,0.00355149366382612,0.000236837743569751,"1"
"2616",2018-04-20,10572.200195,10546.200195,10565.299805,0.00158633384774465,-0.00674499267908324,0.000786775707109777,0.115831815525121,-0.00946752633839942,0.00415801014866357,-0.000118318833710163,-0.00574258188196275,-0.00193773474891934,-0.000468643211252839,-0.000188910929059816,"0"
"2617",2018-04-23,10582.349609,10527.450195,10564.049805,0,0,0,0.103796793681644,0.0153395338156219,0.00414079266603196,0.00195287159410107,-0.00857317709997663,-0.000196722161698304,0.00271779761416369,-0.000801830102153289,"1"
"2618",2018-04-24,10638.349609,10514.950195,10584.700195,0.00648577063680555,-0.00409395219281539,-0.00580972042107558,0.0277795641070755,0.0151077829919712,0.00823049913651541,0.00279724172610862,5.62299297808266e-05,0.00635341608342266,-0.000623791395765849,-9.44510036120505e-05,"1"
"2619",2018-04-25,10636.799805,10569,10614.349609,-0.00196898208958896,0.0020120098551546,-0.00235466906585435,-0.0277795641070755,0.0284271557994682,0.00408998525152526,-0.00413500820112667,-0.013470887828869,-0.00718524343859528,-0.00018365675437515,0.000423639065857628,"0"
"2620",2018-04-26,10612.599609,10536.450195,10570.549805,0.00740465927687328,0.003492911772498,0.00226150402882741,0.0139862419747399,0.0363276049324153,0.00407332538763505,0.00446000554012471,0.00183537394838584,0.00285203096549935,0.00150779037425508,0.00113491287539702,"1"
"2621",2018-04-27,10628.400391,10559.650391,10617.799805,-0.000115060641404874,-0.00153549857094681,0.000470639768268777,0,0.00539084863487638,-0.00816331063916031,0.00699201832728846,0.0103801441652864,0.00656680321793424,0.00318302676075533,-9.41841300434731e-05,"1"
"2622",2018-04-30,10719.799805,10647.549805,10692.299805,0,0,0,0,0.00107469112976588,0.0122201113347753,0.00439069141877901,0.00111300538272641,-5.38109564818257e-05,0.00125714229978691,0.0017691703483198,"1"
"2623",2018-05-02,10759,10704.599609,10739.349609,-0.006749257017022,-0.017382689450014,-0.00695956359704414,0.0137933221323356,-0.0129731549213803,0.016064602503806,-0.00198531150817161,-0.00822119244304886,0.00445511801264686,0.00413507889395071,-0.00194904697645981,"0"
"2624",2018-05-03,10784.650391,10689.799805,10718.049805,0.00943622675762779,-0.00506984188000814,0.00483666361949131,0,0.0108226164581513,0.315188718241615,-0.00358911984646326,-0.00468614904785536,0.00423660064851461,0.000195966637825506,0.000557620832292827,"0"
"2625",2018-05-04,10720.599609,10647.450195,10679.650391,-0.00628083388456169,-0.0063901895987577,0.000396136852454931,0.0136056520557792,0.0534438328507791,-0.0175957618903793,-0.00576587926313898,-0.00225621781074015,0.00423660064851461,0.00194571681067046,4.66995119978719e-05,"0"
"2626",2018-05-07,10700.450195,10601.599609,10618.25,0,0,0,0.0397403286495139,0.00203873668984844,0.0741079721537217,0.00911707258457639,0.0127298102535169,0.00179795567040486,0.00328144096536498,-0.00131332101428505,"1"
"2627",2018-05-08,10725.650391,10635.650391,10715.5,0.00685900598997247,0.00670979675239458,0.00826335142925,0,0,0,0.00021460111413063,0.00345198057821339,-0.00118063061887952,0.00394911335256865,-0.00102416097588609,"1"
"2628",2018-05-09,10758.549805,10689.400391,10717.799805,0.000650887400852618,-0.000596405834134117,-9.25230801108179e-05,0.050643732818755,0.174312653117602,0.121439346859494,0.00222748897991387,-0.000265676635106793,-0.00203148662394703,-0.0022838761390247,0,"1"
"2629",2018-05-10,10766.25,10689.849609,10741.700195,0.00678881536889353,0.00613856831968906,-0.000732370566756402,-0.0124225199985579,0.187441021900146,0.211888233082248,-0.00234412419620611,0.00963564786491933,0.00328031598034251,0.00352675220671195,-0.00106815289385054,"0"
"2630",2018-05-11,10785.549805,10705,10716.549805,-0.00340721752618212,-0.00497691242935172,0.000342705770962237,0.0487901641694322,0.19056174467941,0.144543372249615,0.00835854765140454,0.00932701149504123,0.00340659784228237,0.00236739770843286,0.00013976565980478,"1"
"2631",2018-05-14,10812.049805,10724.450195,10806.5,0,0,0,0.0350913198112703,0.152474514500192,0.112659198656513,9.21746550019975e-06,0.00170613951177145,-0.00233943199584097,0.000800160145510986,-0.000462085863773609,"1"
"2632",2018-05-15,10834.849609,10774.75,10806.599609,0.00426455469063125,0.00714844322981634,0.00157234140025131,0,0.0936159238411989,0.0533459807052932,-0.000439642847904764,0.000883099469968229,0.00103206905318132,0.000555062201291534,-0.000231315492229101,"0"
"2633",2018-05-16,10929.200195,10781.400391,10801.849609,0.0114884396852091,0.00688779981633658,0.00634370680161106,0.044951387862266,0.0168147565395778,0.0284514212243927,-0.00563991126899133,-0.00686565517605686,-0.00385967469514448,-0.00463022795082502,-0.000508188779965835,"0"
"2634",2018-05-17,10790.450195,10699.700195,10741.099609,-0.00585997880804623,-0.00230296036826427,-0.00642153551039093,0.0109290705321907,-0.0136118254097308,-0.0056258938821685,-0.0054518394666232,0.00405233993386034,0.00454078752206399,0.00320681431812275,0.000278667968920843,"0"
"2635",2018-05-18,10777.25,10664.5,10682.700195,0.00117475787022947,-0.00126100920004024,-0.00306607729019986,0.0320883145515003,0.11508919174417,-0.00565772371985851,-0.00811127113281174,-0.000856238742636961,0.00300925892536874,-0.00101623186003863,-0.000327079880495518,"0"
"2636",2018-05-21,10674.950195,10589.099609,10596.400391,0,0,0,0.0905140075408317,0.101730155365438,0.0224413344726804,-0.0075498692628706,-0.00263566521405334,0.000314847501140747,0.00191389373884299,-0.000376896263764692,"0"
"2637",2018-05-22,10621.700195,10505.799805,10516.700195,0.00380845631111804,-0.00238950316562914,0.00245458692969258,0.183922838160929,0.073372136947599,0.0192313619278872,0.00189993118885745,0.00735960452426276,0.00102459011769263,0.000166388161870756,-4.74282055638042e-05,"1"
"2638",2018-05-23,10558.599609,10490.549805,10536.700195,0.000438471096136261,0.00112367275042846,0.00271236039419492,0.162118849476435,0.123009726341543,0.0255218687951198,-0.0101446316071154,-0.00314068882774521,-0.00399531498701222,-0.00148169219950312,-0.000521487673893262,"0"
"2639",2018-05-24,10533.549805,10417.799805,10430.349609,0.0032098363828581,-0.00199158805764199,0.0109797401373649,0.0268472500361883,0.22284129953618,0.00924098985372979,0.00797361040453737,0.00324314533314585,-0.00302139342827701,0.00330219692959233,-0.000527919768458673,"1"
"2640",2018-05-25,10535.150391,10419.799805,10513.849609,-0.00569573823311487,-0.00478626876166466,-0.000613149759821685,0.0389659685333834,0.129350961829516,0.143013235773431,0.00864637064265139,-0.00202526284893434,-0.00253425268805785,0.001824515901232,-0.000190322120763753,"1"
"2641",2018-05-28,10628.049805,10524,10605.150391,0,0,0,-0.0258078839558724,-0.0768250537827431,-0.0383099662779429,0.0078426983371358,-0.00236000318604201,0.00169828159355134,0.00406514479877274,0.000565104794882032,"1"
"2642",2018-05-29,10709.799805,10640.549805,10688.650391,-0.0126388333597127,-0.017724807292856,-0.0133434510260158,0.553058387389264,-0.00390850020497169,-0.0584819485669588,-0.00519189941127962,0,-0.00218825738067174,7.01654241499483e-05,-0.000234241410266733,"0"
"2643",2018-05-30,10717.25,10616.099609,10633.299805,0.0107310109976728,0.00608171082788189,0.019868655504568,0.0186225120980019,0.163877140551538,-0.0305756302027929,-0.00178374564219652,-0.0116315726226972,-0.0138014450132875,-0.00511966397828445,-0.000329963000000433,"0"
"2644",2018-05-31,10648.700195,10558.450195,10614.349609,-0.0103275780056196,-0.0080848589120146,-0.0132560879581214,0.0290929609416644,-0.0429507742125566,0.0516813174151176,0.0114097658940651,0.0126158755948031,0.00655840124486495,0.00523857835579022,-0.000141326110234985,"1"
"2645",2018-06-01,10763.799805,10620.400391,10736.150391,7.4118564140413e-05,0.000512299670398342,-0.000266051578489246,-0.15894110814989,0.111891499899841,0.0024539889615669,-0.00372803180028392,-0.00690333315620162,-0.00340959512459094,0.000214188291845829,-0.00172458035239131,"0"
"2646",2018-06-04,10764.75,10681.5,10696.200195,0,0,0,-0.301786678633324,-0.0499589432936798,0.174941449496332,-0.00634948410346325,0.0107907994674017,0.00870035680870629,0.00649983755571704,0.000327677007028626,"0"
"2647",2018-06-05,10770.299805,10618.349609,10628.5,-0.00557643009658726,-0.00354126193129733,-0.016679262611346,-0.127058878118905,-0.00712432011116526,0.0122700925918142,-0.00333146961176212,0.00446959489865772,0.00338590906373781,0.000206987561870875,-0.000424078225226054,"0"
"2648",2018-06-06,10633.150391,10550.900391,10593.150391,0.000447230739347049,0.00715459731612089,0.00139447296861517,-0.0666913744986726,0.0208440475086444,0.036911921112412,0.00860056590960667,0.000702346400362153,-0.000853465661052155,0.00097183553267044,-0.000330025226350728,"1"
"2649",2018-06-07,10698.349609,10587.5,10684.650391,-0.00388134913423244,-0.00272765696092581,-0.00629956196011877,-0.0279738520424058,0.0185624529187418,0.123317804791228,0.00780307114984602,0.00853090069877727,0.00542113599320615,0.00354545845474519,0,"1"
"2650",2018-06-08,10818,10722.599609,10768.349609,0.00863984138456431,0.00846492483003214,0.0125613150068831,-0.0967296264585515,0.0617713670971032,0.35849147486513,-6.49348068577638e-05,-0.000714443813657262,-0.00104680083631337,-0.00297136600115522,-9.28031182514388e-05,"0"
"2651",2018-06-11,10779.450195,10709.049805,10767.650391,0,0,0,0,0,0,0.0017907832790236,0.00312102886860455,-0.000332769499415519,0.00131782362049648,-0.000651496137335172,"1"
"2652",2018-06-12,10850.549805,10777.049805,10786.950195,0.001185974917572,-0.00216247770583422,-0.00510308401168619,0.0383188643021368,0.0667082751930099,0.231697305052234,0.00516875227299529,0.00106813711376752,0.00756564878061461,0.00270333544638568,0,"1"
"2653",2018-06-13,10856.549805,10789.400391,10842.849609,0.00620394890589093,0.00606936501268684,0.00560578256989658,0.00749067172915741,0.00195854477491331,0.0376692370931142,0.00127657836278416,0.00174186740205062,0.000778612821406455,0.00410950165472634,-0.000184408280455628,"1"
"2654",2018-06-14,10893.25,10842.650391,10856.700195,-0.00191620660189518,-0.0011525584421852,-1.30116633298982e-05,0.152016207298626,-0.0194276772172035,0.065721970308009,-0.00449121007877729,-0.0040342545972063,-0.00538843016664181,-0.00219458292536778,-0.000368901599681948,"0"
"2655",2018-06-15,10833.700195,10773.549805,10808.049805,0.00515044932681974,-0.00431982202350056,0.00150172873266408,0.418204133885594,0.143909604895239,0.292430624435237,0.000892490724305972,0.00246850037071944,0.0063404419052322,5.55668529145237e-05,0.00046221401331259,"1"
"2656",2018-06-18,10834,10755.400391,10817.700195,0,0,0,0.315765041194606,-0.120738738345249,0.106232228628906,-0.00165149059158232,-0.00101762027061003,-0.00197903477114814,0.00115484653606579,-0.00101658896976353,"0"
"2657",2018-06-19,10830.200195,10787.349609,10799.849609,-0.00176281815712276,-0.00160449922620298,0.00282992053452535,0.426774894694915,-0.0380777668252588,0.0719896352937912,-0.0083122903504087,-0.00212839114153862,-0.00505723236035038,-0.00096338601980861,-0.000880710187411538,"0"
"2658",2018-06-20,10789.450195,10701.200195,10710.450195,0.000587990587717968,-0.00587375188888206,0.00119604945736279,0.249304377352882,0.0284473977743058,0.196188922834361,0.00573487990953048,-0.00403151791180001,0.00269174759007562,0.00225694500014306,0.000652376537583876,"1"
"2659",2018-06-21,10781.799805,10724.049805,10772.049805,0.00439876072609735,0.00454315046552978,0.00185032764797433,0.639297289175557,0.0073535750929512,0.14086229672303,-0.00287733020930681,0.00171069005465707,-0.00142641158875811,0.00337345515815812,0.0010187072560921,"0"
"2660",2018-06-22,10809.599609,10725.900391,10741.099609,-0.00763692946533645,-0.00214099361303166,-0.00400554451792945,0.359560948827868,0.00325097815584563,0.109711445648893,0.00748973404921394,-0.00636572862812113,-0.0104803849857102,0.000149003995341346,0,"1"
"2661",2018-06-25,10837,10710.450195,10821.849609,0,0,0,-0.136912978592604,-0.00847462699097257,0.0174811649548179,-0.00550396023878896,0.00186020323796043,0.00118642877990105,9.70934753983244e-05,4.61371658015963e-05,"0"
"2662",2018-06-26,10831.049805,10753.049805,10762.450195,0.0074905837128032,0.00979830081468425,0.010304864120836,0.080601807029888,-0.0258635105899181,0.0913484302169589,0.000622359326191813,-0.0138197231680977,-0.00799223962979312,-0.00183676981508363,-0.000511473286673336,"1"
"2663",2018-06-27,10805.25,10732.549805,10769.150391,0.000365780350039202,-0.0039662925083439,-0.00376774207863384,0.0371077883150761,-0.0400944572018798,0.0808415583249946,-0.00911829908336514,0.00220215078715125,-0.000945713405309689,0.00151703802557712,-0.000976766979215782,"0"
"2664",2018-06-28,10785.5,10652.400391,10671.400391,0.0127177329166619,0.00507865070747204,0.0116477818635281,0.0768739937823124,-0.036134571101412,0.0874522599542615,-0.00774216910233427,-0.00864158639287638,-0.00344436208184717,-0.000993857808866849,-0.000702954782092036,"0"
"2665",2018-06-29,10674.200195,10557.700195,10589.099609,-0.00642292275031409,-0.00988072110933125,-0.00888006474846748,0.0145830291622833,0.0928849763092341,0.332683500751411,0.0117541463721071,0.00615968009913725,0.00197735693459933,0.00224036098659219,-0.00132300151597597,"1"
"2666",2018-07-02,10723.049805,10612.349609,10714.299805,0,0,0,-0.0124091152626633,0.161907576488472,0.333636041670708,-0.00533419455678086,0.000758115668982207,-0.00317520101406288,0.0016832287331443,-0.000935716359093064,"0"
"2667",2018-07-03,10736.150391,10604.650391,10657.299805,-0.00148225916388522,0.00377377971173409,-0.00496030447164447,0.146208568470483,-0.0327008504769406,0.207706666322839,0.00398934711550858,0.00306326092619003,0.00352994010780172,0.00105972600152882,0.000187775796250733,"1"
"2668",2018-07-04,10713.299805,10630.25,10699.900391,0.00196620595859809,0.00578549934570738,0.00615123173793497,0.0199681582370497,-0.0354594691907408,-0.0536329080932809,0.0065208102068155,-0.00495962919403681,-0.00490235390359217,0.00141019675334775,0.000279485748047037,"1"
"2669",2018-07-05,10777.150391,10677.75,10769.900391,0.00217692553219173,0.00482004213152809,0.00132568505785946,0.0218289704414119,-0.0140858065387359,-0.034691666721308,-0.00187274388971126,0,-0.000902906680051885,0.00149837208516601,0.000232034713434359,"0"
"2670",2018-07-06,10786.049805,10726.25,10749.75,0.00130383210132035,0.00103833510131413,0.000606952102248259,0.00627804752593342,-0.0175416099725751,0.00137284768032764,0.00212805256163051,0.00858385648195981,0.00466123019229769,-0.000521041693207991,0.000325286371046118,"1"
"2671",2018-07-09,10816.349609,10735.049805,10772.650391,0,0,0,-0.0308694506632552,-0.0234011463642112,0.0230545867364409,0.00742181035553635,0.00844551762452284,0.00230999498685414,0.00607558810198405,0.00120677666072666,"1"
"2672",2018-07-10,10860.349609,10807.150391,10852.900391,-0.00595663710886996,-0.00370478392003459,-0.00933224298449609,-0.0467176245674601,0.0202916911225266,-0.0366267383789776,0.00865592176221419,0.00878429096045519,0.00737158515189051,0.0045826895859431,0.000137984959858173,"1"
"2673",2018-07-11,10956.900391,10876.650391,10947.25,0.00349236105517736,0.00362484667259189,0.00459175678562901,-0.0540940600630684,0.0539524775175373,0.0110039894522096,9.58920885896219e-05,0.00346724931307385,-0.00881246737047725,0.000835512927659821,-0.000182531715392287,"1"
"2674",2018-07-12,10976.650391,10923,10948.299805,-0.00261591481938428,-0.00618924174690605,-0.0127321790320096,0.128098507189523,0.0159535033777001,0.115161627777372,0.006817985130251,-0.00711948624208691,0.00476054538624915,0.0053427339259251,0.000137001941075354,"1"
"2675",2018-07-13,11078.299805,10999.650391,11023.200195,-0.00262276119132121,-0.00486650271245548,-0.00891873876146621,0.0596477111524631,0.00968145702310963,-0.00496888795160721,-0.000390144672261172,0.00871099138885878,0.00940482317350622,0.0030525424498844,0.000589502341069803,"0"
"2676",2018-07-16,11071.349609,10999.75,11018.900391,0,0,0,-0.0462785280703288,-0.0117163414462009,0.0504975842144635,-0.00747423011959825,0.00107865570396548,-0.00887796059928725,4.51986002936167e-06,-0.00045345305270672,"0"
"2677",2018-07-17,11019.5,10926.25,10936.849609,0.00262276119132121,0.00686271550680839,0.00520871655982352,0.198132162820596,-0.0087681403479376,0.000967093450784162,0.00648902002186702,-0.0010286646375004,0.000370809249350401,0.000256053940558942,-0.000319744207359918,"1"
"2678",2018-07-18,11018.5,10925.599609,11008.049805,-0.00531090555526159,-0.0152016697869533,-0.0109719651975534,0.256425206221594,0.0558038755221784,0.0846343851407099,-0.00251036901055457,0.0039658242761984,0.00965307245593294,0.00472629112658751,0.000362745991100866,"0"
"2679",2018-07-19,11076.200195,10956.299805,10980.450195,0.00378908463283167,0.00165508102084999,0.00574681065085703,0.107016912111723,-0.0779165224491685,0.0156307535217106,-0.00212882432424344,0.00215818194896933,0.00339114819540853,0.00173338061285477,0.000318652557606214,"0"
"2680",2018-07-20,11006.5,10935.450195,10957.099609,0.00464696743987947,0.000417789863416118,0.00844956027476823,0.692263174693196,-0.0623799881013678,0.0357116234309043,0.00483452130199247,-0.00396082686602739,-0.00132394058643115,0.00058396132369154,4.55466739612831e-05,"1"
"2681",2018-07-23,11030.25,10946.200195,11010.200195,0,0,0,0.0218690377374262,-0.0209820479826224,-0.0338265220657465,0.00674815622968161,-0.0009488977323171,-0.00963085779775774,0.000876022950736299,-0.000816956429044779,"1"
"2682",2018-07-24,11093.400391,11010.950195,11084.75,0.00383538052576782,0.00993660008089048,0.0119043334594574,-0.0320278552624167,-0.016776709273282,0.0476739827069075,0.0044601265648101,0.0018363622208506,0.00703243700796641,0.00218530078518242,-0.000630886416310261,"1"
"2683",2018-07-25,11143.400391,11092.5,11134.299805,-0.00565176512217658,-0.0018844071077746,-0.00368560499432374,0.153183852859565,-0.0974853751426341,-0.0518166813819185,-0.000206572715567788,0.00476951893116873,0.00371574640240446,0.00126560854457658,-0.00013462876139414,"0"
"2684",2018-07-26,11157.150391,11113.25,11132,0.000435859088739221,0.00403273272875371,0.00400125088734765,0.0968818346423639,-0.11149456653971,-0.000322930365179275,0.00316600384716459,0.00906043506598131,0.00429512145739785,8.53534359830377e-05,-0.000224502167387897,"1"
"2685",2018-07-27,11185.849609,11125.700195,11167.299805,-0.00145367091103843,-0.00835920711254179,-0.00416454483378953,0.0368822291162481,0.00672305679912633,0.0875072628768461,0.00989507659570243,-0.00303690276577129,0.00263572620750985,0.00584377104766887,0.00624890446210991,"1"
"2686",2018-07-30,11283.400391,11210.25,11278.349609,0,0,0,-0.207720425046597,-0.340133754137499,-0.0061911825272265,0.00364637800135803,-0.00658383462916223,-0.00438817752131726,0.00162133209381743,-0.000972461730706087,"1"
"2687",2018-07-31,11328.099609,11261.450195,11319.549805,-0.000800436667817372,0.00123335984873307,0.000567372233217289,0.346661528912094,-0.353622749077634,0.000680358915557733,0.00325896512146429,-0.00577078906544148,-0.00323081646986267,-0.000751195332531651,0.000352547156833083,"1"
"2688",2018-08-01,11366,11267.75,11356.5,-0.00274373301254549,-0.0037946249563463,-0.0100500583608858,-0.152637305617043,-1.44874918171868,0.0298992207532827,-0.000907363936288874,0.00487283707445663,0.00391447441870874,0.000290523109091723,8.78927708765076e-05,"0"
"2689",2018-08-02,11390.549805,11313.549805,11346.200195,-0.00277338760384982,-0.00243177539497452,-0.00109097749656006,-0.109610250363106,-0.779844042686156,0.0820241964670156,-0.00898597941992918,-0.0010408931953334,-0.00308073634332295,-0.00152588583155477,-0.000616441391542821,"0"
"2690",2018-08-03,11328.900391,11234.950195,11244.700195,0.00450478626304118,-0.00375670611055501,0.00387833805875298,0.0605481253543587,-0.301615166755705,0.00500437030294698,0.0102718923112661,0.00491434983716932,0.00323782514144177,0.00471107536508519,0.00181604815929326,"1"
"2691",2018-08-06,11368,11294.549805,11360.799805,0,0,0,-0.135106333889784,-3.48635519000246,-0.0515261957926807,0.00231228521274573,0.00463343208136546,0.000482503167257065,0.00357610950768539,-4.38702318614759e-05,"1"
"2692",2018-08-07,11427.650391,11370.599609,11387.099609,0.00283058284347071,-0.00280381952622299,0.00596907211963749,0.174409427606006,0,0.0606738061182206,0.000206404045263398,0.00353198240918129,0.000310527802865224,0.00316093089876013,0.000699667686404837,"1"
"2693",2018-08-08,11428.950195,11359.700195,11389.450195,-0.00311481557683546,-0.00298513908463249,-0.00316024131729697,-0.0625203569813344,0,0.00172226632859562,0.00530222455785712,0.00282020180695408,0.000168558214806325,0.00202174047869619,-0.00126989704627256,"1"
"2694",2018-08-09,11459.950195,11379.299805,11450,-0.00205761427001772,-0.00709421594530735,0.00201884485281062,0.178591184835113,0,-0.012459461426058,0.00180624504939075,-0.000262414393310983,-0.00233317195959692,0.00377017652080269,0.000348432059274373,"1"
"2695",2018-08-10,11495.200195,11454.099609,11470.700195,0.00937807752807185,0.00523911221907092,0.00758642413683547,-0.0897458778986504,0,-0.0482657003837517,-0.0035982427316732,-0.00144271466070034,0.000376926199082916,0.000370440582539544,-0.000696621414446597,"0"
"2696",2018-08-13,11478.75,11419.650391,11429.5,0,0,0,0,0,0,-0.00647350874351105,-0.00713931232422116,-0.00812825016602048,-0.00525463986334707,-0.000218717876684593,"0"
"2697",2018-08-14,11406.299805,11340.299805,11355.75,0.0122130899772293,0.00708189729409092,0.0160913627091565,-0.271354792443347,0,0.0641981006777481,0.00696331474997613,-0.00401403743384776,0.00891094018796323,0.00228259598544867,-0.00158158367033856,"1"
"2698",2018-08-16,11452.450195,11370.799805,11435.099609,1.28664164193992e-05,-0.00351559230345355,-0.00525978895044465,0.00450057016694316,0,-0.0148345599005655,-0.00438646420257349,0.00636892991107363,-0.0169280541860282,-0.00332417987236866,-0.00375595497670211,"0"
"2699",2018-08-17,11449.849609,11366.25,11385.049805,0.000785966992093101,0.000531574840310967,0.00296322391761111,-0.150622753699421,0,-0.041287167647944,0.00749924285033465,0.000257005806241217,0.00544433511696951,0.00456578910550043,0.000612637862676735,"1"
"2700",2018-08-20,11486.450195,11431.799805,11470.75,0,0,0,-0.212828604301636,0,0.0274959475018814,0.00703662366986357,0.00331760658406033,-0.000148663469461852,0.00272927642793341,-0.000174261567051914,"1"
"2701",2018-08-21,11565.299805,11499.650391,11551.75,-0.00379261264624731,0.00323711539129334,0.0057662381212143,-1.42618986235072,0,-0.00963658538561596,0.00165641871107169,0.00242507489650023,-0.00399286728764459,0.00211434250787157,0.000431536708893177,"1"
"2702",2018-08-23,11581.75,11539.599609,11570.900391,0.00100322476356052,0.00888345612539165,-0.000687608254419103,1.74747742543362,4.23892579103321,-0.0845004298456065,0.001023563009241,0.00206639991629931,0.00900264372077508,0.00429464800047974,0.00323129899218344,"1"
"2703",2018-08-24,11620.700195,11546.700195,11582.75,0.0066389079190996,-0.0007416808938423,-0.00449369315881398,0.34005304510797,0.537392651150713,0.0200290430774999,-0.00221698947395765,-0.0020909251636807,0.0032604875755009,-0.00139532158726574,-0.00116401901440355,"0"
"2704",2018-08-27,11604.599609,11532,11557.099609,0,0,0,0.0826961254147616,0.227627863761538,-0.149918276433466,0.0116006546012599,0.00617970595103756,0.00405868712866031,0.0042093147571034,0.000345542505165497,"1"
"2705",2018-08-28,11700.950195,11595.599609,11691.950195,-0.00470692632382441,0.0019896351797053,-0.00264047504212844,0,0,0,0.00397345043375452,0.00764114146751993,0.00734585907059682,0.00341531838979314,0,"1"
"2706",2018-08-29,11760.200195,11710.5,11738.5,0.00847072005586558,0.00621635167518519,0.00824577610233856,0.0181631181123887,0.354211060958595,-0.185917956581561,-0.00397771012570125,0.000269242320284135,0.000323820774926986,0.000549339650575575,-0.000127570004213595,"0"
"2707",2018-08-30,11753.200195,11678.849609,11691.900391,0.00523158474117746,0.0182225227321258,0.000296220200917074,0.275447636480514,0.258613730762518,-0.113737993962658,-0.00129237723751352,0.00568524228568723,0.00749796326679864,0.000243695353242757,-0.000256355481003112,"0"
"2708",2018-08-31,11698.799805,11639.700195,11676.799805,0.00695635717483789,0.00504148526955284,0.0133596029775834,0.0690649043170044,0.14894233472012,-0.153406186614694,0.000316834142802591,-0.00444017195837976,-0.00597553460802835,-8.13780041557521e-05,0.00461381543000527,"1"
"2709",2018-09-03,11727.650391,11640.099609,11680.5,0,0,0,0,0,0,-0.00843843080845197,0.000134468564228385,-0.00201296568324416,0.00608561905069571,-4.26302888261176e-05,"0"
"2710",2018-09-04,11751.799805,11567.400391,11582.349609,-0.00470257406147123,-0.0156757307891242,-0.00550405619421712,0,0,0,-0.00537167422587004,0,0.00143770182157432,0.00141497979069172,-0.000214984414458996,"0"
"2711",2018-09-05,11602.549805,11496.849609,11520.299805,0.00952254780092687,0.00869922804834378,0.00617071407968167,0,0,0,-0.00376998652823879,-0.00165569210794647,-0.00145939613010881,-0.000473206924231917,-0.000474946577437407,"0"
"2712",2018-09-06,11542.650391,11393.849609,11476.950195,0.00194930444590913,0.00633157239373805,0.00205622328070315,0,0,0,0.00520993489380395,-0.00280706278475051,-0.00541119943848045,0.00323605460507359,-0.000130403599323259,"1"
"2713",2018-09-07,11562.25,11436.049805,11536.900391,0.00068004414779832,0.00149385591785922,0.0092770712286746,0,0,0,0.00451433941437607,-0.00365899109590107,-0.00607050387331398,0.00184883966720406,-0.000129940444146825,"1"
"2714",2018-09-10,11603,11484.400391,11589.099609,0,0,0,0,0,0,-0.0131151133905245,-0.00221579782958869,-0.00239718713873849,-0.00162781887061136,-0.000601814057626271,"0"
"2715",2018-09-11,11573,11427.299805,11438.099609,0.00701045003924783,0.0147958117270592,0.00111908605844646,0,0,0,-0.0132539353150047,0.00189602815471801,0.00431237361449455,0.00338207486893793,0.000217623121139709,"0"
"2716",2018-09-12,11479.400391,11274,11287.5,0.00749476478984068,0.00666102322391815,0.0033726999760012,0,0,0,0.00727362829494993,0.00373286577063059,0.00167615924977405,0.0046491633803587,-0.00119313299909507,"1"
"2717",2018-09-14,11380.75,11250.200195,11369.900391,-0.0146957140511343,-0.0124017462888926,-0.0112219056849742,0,0,0,0.0126983716674882,0.000356608247077617,0.0188947886835997,0.00645233617820296,0.00446448852886583,"1"
"2718",2018-09-17,11523.25,11430.549805,11515.200195,0,0,0,0,0,0,-0.0120082248455837,0.00554379585552844,-0.00255322278404257,-0.00437334649581977,0,"0"
"2719",2018-09-18,11464.950195,11366.900391,11377.75,0.00843971511311548,0.0161399543783407,0.00422337088114266,0,0,0,-0.00872593560920443,-0.00558529077069192,-0.00227499194118153,0.000333912296763827,-4.39010470465462e-05,"0"
"2720",2018-09-19,11411.450195,11268.950195,11278.900391,0.00803554904983272,0.009719175749205,0.00279239592337799,0,0,0,-0.00395774400876192,0.0053546529480073,0.014178015155732,0.00422463239040027,-0.000707276132391854,"0"
"2721",2018-09-21,11332.049805,11210.900391,11234.349609,-0.0106556121626404,-0.0127334197366196,-0.011011721942221,0,0,0,-0.00815557706240178,0.00125248783418819,0.00741194742996676,0.00328364034478135,0.00424892203357707,"0"
"2722",2018-09-24,11346.799805,10866.450195,11143.099609,0,0,0,0,0,0,-0.0158931653600014,0.00744141335009463,-0.000892685368972579,0.00190974232647001,0,"0"
"2723",2018-09-25,11170.150391,10943.599609,10967.400391,0.0131142938085995,0.0113022773272986,0.0089473919124885,0,0,0,0.00908111368150166,-0.00352188242090712,0.000499245113923408,0.000232462347854678,0.00286162217490649,"1"
"2724",2018-09-26,11080.599609,10882.849609,11067.450195,-0.0028691460550494,0.00189004642259949,-0.00448919132040931,0,0,0,-0.00123414289270052,-0.00130594828955388,-0.00391991765748401,0.00703191210739895,0.000992421589932846,"0"
"2725",2018-09-27,11145.549805,10993.049805,11053.799805,-0.00438776263203611,-0.00492744397362088,-0.00203919721988938,0,0,0,-0.00692198215743112,-0.00329469971833785,-0.00364147866803677,0.00234937040672278,0.000180946349900069,"0"
"2726",2018-09-28,11089.450195,10953.349609,10977.549805,0.002470492711522,-0.00469600834909389,-0.00330743947255235,0,0,0,-0.0042997701812002,0.00275947612635097,0.0118334196664325,0.00277906948179307,0.00775848359903897,"0"
"2727",2018-10-01,11034.099609,10850.299805,10930.450195,0,0,0,0,0,0,0.00709702574294546,-6.87030500046149e-06,0.00220858712032701,4.11864764071623e-05,0,"1"
"2728",2018-10-03,11035.650391,10821.549805,11008.299805,0.0109745150120668,0.00828345682452181,0.00579167452800233,0,0,0,-0.0137243562964375,0.003634492540459,-0.00109647553913561,-0.00232819076563118,-0.00921707358369162,"0"
"2729",2018-10-04,10989.049805,10843.75,10858.25,0.00128723303866263,-0.00663825409206087,-0.00344028251537182,0,0,0,-0.0241419158184577,0.000314497869155161,0.00542261584569559,-0.0095822732567985,0.00718719475515783,"0"
"2730",2018-10-05,10754.700195,10547.25,10599.25,0.00499768721044358,0.0114373701362185,0.010182733992057,0,0,0,-0.027043516369508,-0.0082030356465177,-0.00811855441915732,-0.00806606760592032,0.00718719475515783,"0"
"2731",2018-10-08,10540.650391,10261.900391,10316.450195,0,0,0,0,0,0,0.0030583497912442,-0.00554331456377088,-8.2452105257147e-05,-0.000610842699902747,0.00718719475515783,"1"
"2732",2018-10-09,10398.349609,10198.400391,10348.049805,-0.00445618183898411,0.000818992552426678,0.00256553437597212,0,0,0,-0.00455226446219825,-0.000395194459215986,-0.00985553491306668,0.00407458252447235,0.00718719475515783,"0"
"2733",2018-10-10,10397.599609,10279.349609,10301.049805,0.00889259418527022,0.0137629145209797,0.0097679591101979,0,0,0,0.0153221685830367,-0.00141890992077265,0.00295817258241904,0.00298550642439466,0.00718719475515783,"1"
"2734",2018-10-11,10482.349609,10318.25,10460.099609,0.000670398947868023,0.00444032727605403,0.00872129040719732,0,0,0,-0.0217889210932398,-0.0334163889515668,-0.0198793143250633,-0.028145456431087,0.00718719475515783,"0"
"2735",2018-10-12,10335.950195,10138.599609,10234.650391,-0.00591550520503237,-0.00384002241519799,-0.00580926064576992,0,0,0,0.0229737134919095,-0.0207875801702722,-0.0119085864663901,0.00942324105675318,0.00718719475515783,"1"
"2736",2018-10-15,10492.450195,10322.150391,10472.5,0,0,0,0,0,0,0.00381225146001363,0.0141062355448591,-0.00855523935570979,0.00492461186806104,0.00718719475515783,"1"
"2737",2018-10-16,10526.299805,10410.150391,10512.5,-0.00107935785926738,-0.00709631844087433,0.00105586023514331,0,0,0,0.00684926068102243,-0.00592248238178072,0.00120703356626173,0.00357508959249664,0.00718719475515783,"1"
"2738",2018-10-17,10604.900391,10525.299805,10584.75,-0.00846586387533765,-0.00600253963169717,-0.0129356587319926,0,0,0,-0.0125205027800064,0.0212678281021068,0.0113481495698533,0.00977284092510367,0.00718719475515783,"0"
"2739",2018-10-19,10710.150391,10436.450195,10453.049805,0.00630364681672546,6.14239843788056e-06,0.00376133115699828,0,0,0,-0.0144053060775136,-0.000252694284902155,-0.0220940676068579,-0.010902909221004,0.00718719475515783,"0"
"2740",2018-10-22,10380.099609,10249.599609,10303.549805,0,0,0,0,0,0,-0.00567429358204308,-0.0148577258401295,-0.00703107679554194,0.0098796333059159,0.00718719475515783,"0"
"2741",2018-10-23,10408.549805,10224,10245.25,-0.000818801057347329,0,0,0,0,0,-0.00965581791490067,-0.00430879692118058,-0.00935966631075758,-0.00908439173232978,0.00718719475515783,"0"
"2742",2018-10-24,10222.099609,10102.349609,10146.799805,-0.00867826428795571,0,0,0,0,0,0.00765288612658743,-0.00552707639695971,0.00710666912112323,0.0128619551588258,0.00718719475515783,"1"
"2743",2018-10-25,10290.650391,10126.700195,10224.75,-1.0939499888174e-05,0,0,0,0,0,-0.00981347673392818,-0.0313507735834921,-0.0189344679514569,-0.00881155770146691,0.00718719475515783,"0"
"2744",2018-10-26,10166.599609,10079.299805,10124.900391,-4.05624947319438e-06,0,0,0,0,0,-0.00941717304444012,0.0184537177164668,0.00805956629272764,-0.000251963304991776,0.00718719475515783,"0"
"2745",2018-10-29,10128.849609,10004.549805,10030,0,0,0,0,0,0,0.0217799888584231,-0.0174791380299757,0.00654039607194434,0.004784112042028,0.00718719475515783,"1"
"2746",2018-10-30,10275.299805,10020.349609,10250.849609,-0.00130103363046619,0,0,0,0,0,-0.00512970725204021,-0.00658120814239371,-0.00475275137261022,-0.00111752850175506,0.00718719475515783,"0"
"2747",2018-10-31,10285.099609,10175.349609,10198.400391,0.00634698104625286,0,0,0,0,0,0.018285592603716,0.0155453230417724,0.0052186827445535,0.00109265408844905,0.00718719475515783,"1"
"2748",2018-11-01,10396,10105.099609,10386.599609,0.000806883465830133,0,0,0,0,0,-0.000592227999428374,0.010792878598247,-0.000641194871121797,0.00529094693849252,0.00718719475515783,"0"
